{
    "username" : [
        "admin", 
        "แอดมิน", 
        "เเอดมิน"
    ], 
    "mis" : [
        "Sale", 
        "%", 
        "ขาย", 
        "ลดราคา", 
        "ลด ราคา", 
        "ราคาถูก", 
        "ราคา ถูก", 
        "ลดแลกแจกแถม", 
        "ลด แลก แจก แถม", 
        "โปรโมชั่น", 
        "promotion", 
        "Accident", 
        "อุบัติเหตุ", 
        "ระเบิด", 
        "bomb", 
        "terrorist", 
        "ผู้ก่อการร้าย", 
        "sell", 
        "Emergency", 
        "buy", 
        "ฆ่าตัวตาย", 
        "เสือก"
    ], 
    "name" : "zon-forbidden-dictionary", 
    "none_unique_lm" : [
        "ไอ้บอด", 
        "ไอ่บอด"
    ], 
    "political" : [
        "ดีล", 
        "Protest", 
        "ม๊อบ", 
        "ประท้วง", 
        "เสื้อแดง", 
        "สลิ่ม", 
        "เสื้อเหลือง", 
        "เพื่อไทย", 
        "ประชาธิปัตย์", 
        "พรรค", 
        "รัฐธรรมนูญ", 
        "รัฐประหาร", 
        "ปฏิวัติ", 
        "NCPO", 
        "coup", 
        "revolution", 
        "red shirt", 
        "yellow shirt", 
        "constitution", 
        "dictatorship", 
        "democracy", 
        "ทักษิณ", 
        "taksin", 
        "thaksin", 
        "ชินวัตร", 
        "Chinnawat", 
        "Shinawatra", 
        "ยิ่งลักษณ์", 
        "Yingluck", 
        "Potjaman", 
        "พานทองแท้", 
        "Panthongtae", 
        "Pantongtae", 
        "พจมาน", 
        "ประยุทธ์", 
        "จันทร์โอชา", 
        "Prayut", 
        "Chan-o-cha", 
        "coup d'état", 
        "prime minister", 
        "ประชาธิปไตย", 
        "เผด็จการ", 
        "นปช", 
        "สปท", 
        "ประวิตร", 
        "วงษ์สุวรรณ", 
        "บิ๊กป้อม", 
        "อภิสิทธิ์", 
        "Abhisit", 
        "เวชชาชีวะ", 
        "นิรโทษกรรม", 
        "Prawit", 
        "wongsuwan", 
        "เทือกสุบรรณ", 
        "เทพเทือก", 
        "คสช", 
        "เอกาธิปไตย", 
        "rebellion", 
        "demonstration", 
        "กบฏ", 
        "การเมือง", 
        "politic", 
        "coup d'etat"
    ], 
    "profane2" : [
        "หี", 
        "หมอย"
    ], 
    "profane" : [
        "เหี้ย", 
        "ควย", 
        "ค ว ย", 
        "ค วย", 
        "ชาติหมา", 
        "Fuck", 
        "Asshole", 
        "เหี้ ย", 
        "คว ย", 
        "Dick", 
        "Bitch", 
        "เย็ด", 
        "Motherfucker", 
        "Fucker", 
        "Shitface", 
        "Cunt", 
        "อีดอก", 
        "อีสัตว์", 
        "อีเห็ด", 
        "หมอย", 
        "แตด", 
        "ไอ้สัตว์", 
        "แม่มึงตาย", 
        "พ่อมึงตาย", 
        "แม่มึง", 
        "พ่อมึง", 
        "อีหอย", 
        "เงี่ยน", 
        "ไอ้ควาย", 
        "ไอ้ห่า", 
        "อีสัด", 
        "ไอ้สัด", 
        "ไอสัด", 
        "ไอสัตว์", 
        "มารดามึงตาย", 
        "อีร่าน", 
        "แม่งตาย", 
        "ไอ้สัส", 
        "อีสัส", 
        "พ่องตาย", 
        "เยด", 
        "ไอ่สัตว์", 
        "ไอ่สัด", 
        "ไอ่ห่า", 
        "อิร่าน", 
        "กูร่าน", 
        "มึงร่าน"
    ], 
    "ref_royalty" : [
        "King", 
        "Queen", 
        "Bhumibol", 
        "ในหลวง", 
        "พระเจ้าอยู่หัว", 
        "กษัตริย์", 
        "ราชินี", 
        "ราชา", 
        "sirikit", 
        "Vajiralongkorn", 
        "โอรสาธิราช", 
        "บรม", 
        "สยามมกุฎราชกุมาร", 
        "เจ้าฟ้ามหาวชิราลงกรณ์", 
        "Crown Prince", 
        "พระบรม"
    ], 
    "unique_lm" : [
        "เสี่ยโอ", 
        "เสี่ย โอ"
    ], 
    "unique_political" : [
        "red buffalo", 
        "ควายแดง"
    ], 
    "competitor" : [
        "yello", 
        "yell", 
        "เยล", 
        "เยลโล", 
        "YelloTalk", 
        "เ ย", 
        "เย"
    ], 
    "unique_sexual" : [
        "นัดยิ้ม", 
        "FWB", 
        "F W B", 
        "นัดเย", 
        "เยกัน", 
        "fwb", 
        "Fwb", 
        "เยสาว"
    ], 
    "potential_sexual" : [
        "deal", 
        "ดีล", 
        "ชช", 
        "ชญ", 
        "ญญ", 
        "หาคนคุย", 
        "หาคนคอล", 
        "ยิ้มกันมั้ย", 
        "ไปยิ้ม", 
        "คอล", 
        "กาเกา", 
        "Kakao", 
        "ชักว่าว", 
        "เสียว", 
        "หี", 
        "กระดอ", 
        "เสี้ยน", 
        "จู๋"
    ], 
    "users_questions" : [
        "เล่นยังไง", 
        "เล่นไม่เป็น", 
        "เล่นไง", 
        "Bully", 
        "แจกไลน์", 
        "IG"
    ]
}
